Date,Consumption,Mean temperature
2016-01-01,233.59,5.86
2016-01-02,250.99,6.87
2016-01-03,242.07,7.13
2016-01-04,286.05,7.28
2016-01-05,284.71,8.22
2016-01-06,256.54,7.14
2016-01-07,306.43,6.97
2016-01-08,299.6,9.06
2016-01-09,245.43,10.3
2016-01-10,221.85,10.95
2016-01-11,269.91,11.77
2016-01-12,267.06,10.58
2016-01-13,288.64,7.98
2016-01-14,317.55,6.12
2016-01-15,312.77,7.22
2016-01-16,275.3,4.36
2016-01-17,273.27,2.64
2016-01-18,363.99,1.08
2016-01-19,379.4,1.7
2016-01-20,379.71,3.32
2016-01-21,374.03,4.26
2016-01-22,363.85,4.03
2016-01-23,310.79,4.62
2016-01-24,285.03,5.37
2016-01-25,337.95,6.72
2016-01-26,322.99,8.21
2016-01-27,313.52,8.58
2016-01-28,298.16,9.39
2016-01-29,282.36,9.52
2016-01-30,235.64,8.99
2016-01-31,210.66,9.95
2016-02-01,281.24,10.32
2016-02-02,280.4,10.5
2016-02-03,277.57,9.76
2016-02-04,279.63,7.32
2016-02-05,280.23,7.35
2016-02-06,244.52,7.13
2016-02-07,231.72,8.5
2016-02-08,281.57,10.0
2016-02-09,269.77,10.47
2016-02-10,268.07,9.23
2016-02-11,282.99,7.21
2016-02-12,283.33,5.78
2016-02-13,231.02,9.37
2016-02-14,219.28,10.04
2016-02-15,273.67,9.38
2016-02-16,283.18,10.0
2016-02-17,291.87,9.17
2016-02-18,279.93,8.92
2016-02-19,261.3,8.4
2016-02-20,222.94,7.58
2016-02-21,202.79,9.75
2016-02-22,259.58,10.9
2016-02-23,243.67,11.39
2016-02-24,249.34,9.5
2016-02-25,261.47,8.85
2016-02-26,269.58,8.91
2016-02-27,233.76,8.1
2016-02-28,217.2,9.71
2016-02-29,262.59,9.46
2016-03-01,250.97,8.58
2016-03-02,243.33,9.09
2016-03-03,257.84,7.5
2016-03-04,259.46,7.29
2016-03-05,236.44,8.31
2016-03-06,226.7,8.08
2016-03-07,283.57,6.75
2016-03-08,298.74,6.51
2016-03-09,294.14,6.1
2016-03-10,268.16,8.32
2016-03-11,257.54,8.54
2016-03-12,201.48,9.22
2016-03-13,195.05,8.02
2016-03-14,245.12,9.33
2016-03-15,260.5,7.82
2016-03-16,281.36,7.37
2016-03-17,258.01,8.82
2016-03-18,235.71,9.35
2016-03-19,186.78,10.04
2016-03-20,174.1,10.43
2016-03-21,210.12,11.97
2016-03-22,209.45,12.16
2016-03-23,216.79,10.04
2016-03-24,213.6,9.25
2016-03-25,199.99,9.25
2016-03-26,178.85,10.3
2016-03-27,154.65,10.38
2016-03-28,171.44,11.42
2016-03-29,191.92,12.91
2016-03-30,186.36,13.63
2016-03-31,174.54,15.03
2016-04-01,173.87,14.4
2016-04-02,150.49,13.34
2016-04-03,143.42,14.58
2016-04-04,174.09,14.88
2016-04-05,168.21,15.18
2016-04-06,157.1,15.31
2016-04-07,154.53,14.69
2016-04-08,158.06,13.11
2016-04-09,139.83,11.63
2016-04-10,131.4,12.27
2016-04-11,151.18,13.87
2016-04-12,147.67,15.3
2016-04-13,144.63,16.1
2016-04-14,144.3,14.99
2016-04-15,143.19,14.48
2016-04-16,122.01,15.74
2016-04-17,117.14,16.35
2016-04-18,141.2,15.79
2016-04-19,137.03,14.52
2016-04-20,131.82,14.54
2016-04-21,142.4,14.88
2016-04-22,136.93,15.2
2016-04-23,118.38,13.87
2016-04-24,106.07,12.08
2016-04-25,120.72,9.72
2016-04-26,164.65,10.89
2016-04-27,163.71,12.19
2016-04-28,175.62,11.72
2016-04-29,159.97,13.48
2016-04-30,137.75,12.67
2016-05-01,133.32,11.66
2016-05-02,168.52,12.24
2016-05-03,153.1,14.38
2016-05-04,150.25,14.57
2016-05-05,155.62,14.38
2016-05-06,148.47,13.87
2016-05-07,118.83,15.94
2016-05-08,109.86,16.18
2016-05-09,146.74,16.78
2016-05-10,148.23,17.47
2016-05-11,158.93,16.75
2016-05-12,143.55,15.84
2016-05-13,135.22,15.48
2016-05-14,107.49,15.46
2016-05-15,101.19,14.68
2016-05-16,138.85,13.68
2016-05-17,145.43,14.39
2016-05-18,143.62,15.16
2016-05-19,146.76,14.64
2016-05-20,131.1,15.6
2016-05-21,100.01,17.81
2016-05-22,100.96,18.16
2016-05-23,126.34,16.39
2016-05-24,131.96,14.5
2016-05-25,134.43,16.96
2016-05-26,136.87,19.08
2016-05-27,130.52,20.94
2016-05-28,102.8,20.85
2016-05-29,98.2,19.52
2016-05-30,122.06,18.71
2016-05-31,126.98,18.3
2016-06-01,129.41,17.42
2016-06-02,99.97,17.35
2016-06-03,110.2,18.0
2016-06-04,102.77,18.53
2016-06-05,101.28,19.0
2016-06-06,131.76,20.08
2016-06-07,134.24,20.7
2016-06-08,134.36,20.33
2016-06-09,131.05,19.18
2016-06-10,127.46,19.68
2016-06-11,104.49,19.77
2016-06-12,98.06,19.64
2016-06-13,128.53,19.62
2016-06-14,127.65,19.46
2016-06-15,126.55,20.34
2016-06-16,128.19,21.78
2016-06-17,122.74,20.99
2016-06-18,97.34,20.04
2016-06-19,98.0,18.3
2016-06-20,129.05,19.31
2016-06-21,130.98,20.86
2016-06-22,132.44,23.19
2016-06-23,134.41,25.02
2016-06-24,132.84,25.9
2016-06-25,104.55,24.74
2016-06-26,96.73,23.63
2016-06-27,135.11,22.91
2016-06-28,136.78,22.67
2016-06-29,142.49,23.23
2016-06-30,145.29,23.6
2016-07-01,141.71,24.28
2016-07-02,106.82,23.97
2016-07-03,96.42,23.58
2016-07-04,143.61,23.83
2016-07-05,151.71,24.49
2016-07-06,152.43,24.15
2016-07-07,154.48,24.42
2016-07-08,148.49,24.87
2016-07-09,113.17,25.56
2016-07-10,108.63,26.21
2016-07-11,155.82,26.72
2016-07-12,156.87,25.47
2016-07-13,148.24,24.22
2016-07-14,137.37,21.39
2016-07-15,124.14,19.43
2016-07-16,94.07,19.65
2016-07-17,89.27,21.22
2016-07-18,134.54,23.66
2016-07-19,144.36,24.92
2016-07-20,150.97,25.46
2016-07-21,155.35,25.29
2016-07-22,146.92,24.92
2016-07-23,111.3,24.56
2016-07-24,101.93,24.22
2016-07-25,144.86,24.42
2016-07-26,150.8,24.76
2016-07-27,151.62,24.43
2016-07-28,149.66,23.9
2016-07-29,143.15,24.5
2016-07-30,110.84,25.37
2016-07-31,97.56,24.65
2016-08-01,136.06,24.33
2016-08-02,137.73,23.62
2016-08-03,136.64,24.72
2016-08-04,136.45,25.08
2016-08-05,121.19,23.17
2016-08-06,98.0,22.49
2016-08-07,84.49,22.87
2016-08-08,103.23,23.61
2016-08-09,105.04,22.94
2016-08-10,98.61,21.46
2016-08-11,89.68,20.79
2016-08-12,85.94,20.54
2016-08-13,82.1,21.83
2016-08-14,80.71,22.87
2016-08-15,79.76,23.34
2016-08-16,91.96,23.59
2016-08-17,98.93,23.12
2016-08-18,104.71,22.85
2016-08-19,103.63,23.3
2016-08-20,101.61,23.64
2016-08-21,92.43,23.25
2016-08-22,112.89,22.43
2016-08-23,119.28,22.46
2016-08-24,124.99,23.53
2016-08-25,135.24,24.28
2016-08-26,136.26,24.4
2016-08-27,122.36,24.4
2016-08-28,113.53,24.33
2016-08-29,155.58,23.75
2016-08-30,161.21,23.14
2016-08-31,159.76,23.22
2016-09-01,156.87,23.18
2016-09-02,154.73,23.56
2016-09-03,130.95,23.77
2016-09-04,121.56,23.54
2016-09-05,161.32,22.68
2016-09-06,160.76,21.04
2016-09-07,169.68,20.47
2016-09-08,159.03,21.45
2016-09-09,160.1,22.32
2016-09-10,131.59,22.3
2016-09-11,120.1,22.01
2016-09-12,161.75,22.57
2016-09-13,168.12,22.68
2016-09-14,168.67,22.41
2016-09-15,167.28,21.49
2016-09-16,157.97,20.48
2016-09-17,117.81,19.91
2016-09-18,112.63,18.34
2016-09-19,156.81,18.62
2016-09-20,162.73,18.91
2016-09-21,165.88,15.61
2016-09-22,167.13,17.8
2016-09-23,160.52,17.86
2016-09-24,126.85,18.06
2016-09-25,119.38,17.96
2016-09-26,168.05,18.21
2016-09-27,170.71,18.4
2016-09-28,165.97,18.44
2016-09-29,168.19,18.68
2016-09-30,162.82,18.65
2016-10-01,121.45,18.69
2016-10-02,112.18,18.52
2016-10-03,158.73,18.11
2016-10-04,161.21,16.72
2016-10-05,162.53,15.24
2016-10-06,170.27,13.91
2016-10-07,163.08,14.71
2016-10-08,138.23,14.41
2016-10-09,131.26,14.45
2016-10-10,191.55,13.69
2016-10-11,205.62,12.23
2016-10-12,209.18,12.05
2016-10-13,225.29,12.96
2016-10-14,214.12,16.58
2016-10-15,161.31,17.21
2016-10-16,141.69,16.1
2016-10-17,204.75,15.87
2016-10-18,203.12,15.5
2016-10-19,203.87,14.69
2016-10-20,208.07,13.21
2016-10-21,204.54,13.49
2016-10-22,175.85,12.78
2016-10-23,169.21,14.02
2016-10-24,214.65,16.72
2016-10-25,210.12,17.46
2016-10-26,206.02,16.96
2016-10-27,192.14,15.39
2016-10-28,190.02,13.06
2016-10-29,163.58,12.96
2016-10-30,147.87,13.3
2016-10-31,185.9,12.76
2016-11-01,169.57,12.07
2016-11-02,219.22,13.42
2016-11-03,229.48,13.27
2016-11-04,229.47,12.48
2016-11-05,194.17,14.01
2016-11-06,170.91,14.49
2016-11-07,236.68,11.63
2016-11-08,255.01,9.89
2016-11-09,270.61,8.42
2016-11-10,270.83,9.95
2016-11-11,270.36,9.17
2016-11-12,240.19,8.63
2016-11-13,231.79,7.94
2016-11-14,294.33,8.4
2016-11-15,302.54,8.3
2016-11-16,302.36,9.17
2016-11-17,296.38,10.7
2016-11-18,277.67,12.38
2016-11-19,227.44,12.41
2016-11-20,209.11,11.95
2016-11-21,258.43,13.11
2016-11-22,248.02,13.77
2016-11-23,240.44,13.89
2016-11-24,238.24,13.24
2016-11-25,231.12,12.64
2016-11-26,194.85,11.54
2016-11-27,195.94,8.62
2016-11-28,272.65,9.54
2016-11-29,309.38,5.43
2016-11-30,328.27,5.02
2016-12-01,331.63,6.35
2016-12-02,311.27,7.94
2016-12-03,274.88,7.82
2016-12-04,247.24,7.93
2016-12-05,310.25,8.25
2016-12-06,323.24,8.21
2016-12-07,322.7,7.38
2016-12-08,286.38,7.04
2016-12-09,316.98,6.93
2016-12-10,288.66,7.07
2016-12-11,268.42,6.32
2016-12-12,340.47,8.31
2016-12-13,348.96,6.68
2016-12-14,355.9,6.5
2016-12-15,354.58,6.67
2016-12-16,345.49,6.08
2016-12-17,309.87,5.26
2016-12-18,305.63,4.66
2016-12-19,367.58,5.98
2016-12-20,340.35,7.9
2016-12-21,313.56,8.33
2016-12-22,313.25,7.08
2016-12-23,294.94,7.29
2016-12-24,255.95,5.5
2016-12-25,221.06,7.93
2016-12-26,236.7,8.52
2016-12-27,261.99,7.91
2016-12-28,268.6,7.08
2016-12-29,285.5,4.78
2016-12-30,293.66,3.38
2016-12-31,288.99,2.12
2017-01-01,268.46,3.62
2017-01-02,310.62,5.3
2017-01-03,324.32,5.97
2017-01-04,326.55,5.09
2017-01-05,330.47,4.21
2017-01-06,327.6,-0.9
2017-01-07,348.9,-2.13
2017-01-08,356.5,0.42
2017-01-09,406.74,1.48
2017-01-10,419.67,1.15
2017-01-11,418.48,1.29
2017-01-12,400.41,4.35
2017-01-13,370.47,6.6
2017-01-14,337.1,3.85
2017-01-15,329.95,2.45
2017-01-16,394.75,2.08
2017-01-17,398.11,2.33
2017-01-18,390.28,2.87
2017-01-19,381.83,3.11
2017-01-20,374.82,3.23
2017-01-21,342.79,4.13
2017-01-22,318.88,4.82
2017-01-23,371.67,4.93
2017-01-24,359.72,4.81
2017-01-25,363.67,4.37
2017-01-26,379.01,3.81
2017-01-27,372.82,4.14
2017-01-28,328.82,4.67
2017-01-29,307.24,4.87
2017-01-30,369.21,5.3
2017-01-31,360.38,7.08
2017-02-01,340.21,8.42
2017-02-02,324.64,9.15
2017-02-03,296.48,10.13
2017-02-04,252.61,9.73
2017-02-05,249.06,8.66
2017-02-06,308.05,8.0
2017-02-07,304.0,7.77
2017-02-08,318.53,6.93
2017-02-09,326.79,6.4
2017-02-10,327.57,6.93
2017-02-11,272.36,7.17
2017-02-12,243.3,7.96
2017-02-13,311.54,8.02
2017-02-14,306.46,8.11
2017-02-15,302.52,7.98
2017-02-16,297.57,8.23
2017-02-17,288.91,8.31
2017-02-18,248.94,7.89
2017-02-19,249.17,6.99
2017-02-20,313.6,7.39
2017-02-21,308.29,8.35
2017-02-22,296.23,9.44
2017-02-23,288.75,10.2
2017-02-24,280.43,10.55
2017-02-25,230.73,9.04
2017-02-26,221.22,8.9
2017-02-27,272.68,9.87
2017-02-28,270.28,10.38
2017-03-01,253.71,10.04
2017-03-02,255.06,10.0
2017-03-03,256.3,9.99
2017-03-04,218.79,10.96
2017-03-05,201.29,9.93
2017-03-06,246.97,10.44
2017-03-07,250.89,9.4
2017-03-08,236.48,9.53
2017-03-09,225.7,11.03
2017-03-10,205.8,11.77
2017-03-11,179.73,9.72
2017-03-12,189.01,9.19
2017-03-13,236.59,9.33
2017-03-14,231.56,10.18
2017-03-15,226.12,10.53
2017-03-16,214.34,11.16
2017-03-17,203.8,12.06
2017-03-18,166.77,12.23
2017-03-19,160.24,13.05
2017-03-20,203.9,13.11
2017-03-21,207.35,12.83
2017-03-22,211.44,12.29
2017-03-23,205.96,13.1
2017-03-24,197.72,13.18
2017-03-25,159.58,13.44
2017-03-26,158.23,11.49
2017-03-27,201.12,10.82
2017-03-28,199.58,11.55
2017-03-29,184.34,12.96
2017-03-30,170.55,14.57
2017-03-31,166.34,14.78
2017-04-01,146.51,13.77
2017-04-02,147.84,12.81
2017-04-03,180.28,13.19
2017-04-04,181.03,13.5
2017-04-05,191.12,12.73
2017-04-06,183.58,12.32
2017-04-07,174.8,12.53
2017-04-08,144.79,13.46
2017-04-09,133.26,14.4
2017-04-10,163.15,15.27
2017-04-11,162.93,14.62
2017-04-12,161.44,14.68
2017-04-13,157.21,15.16
2017-04-14,137.79,15.02
2017-04-15,121.19,14.85
2017-04-16,104.07,14.02
2017-04-17,113.98,12.83
2017-04-18,170.31,11.3
2017-04-19,182.72,9.13
2017-04-20,194.91,8.41
2017-04-21,189.69,8.96
2017-04-22,156.01,11.01
2017-04-23,135.32,12.21
2017-04-24,156.87,13.14
2017-04-25,141.4,13.88
2017-04-26,179.66,13.78
2017-04-27,179.76,14.22
2017-04-28,174.47,12.76
2017-04-29,148.1,12.09
2017-04-30,126.82,13.0
2017-05-01,137.72,12.8
2017-05-02,180.71,13.58
2017-05-03,186.01,14.18
2017-05-04,183.39,14.21
2017-05-05,165.09,15.53
2017-05-06,144.84,15.25
2017-05-07,129.65,15.35
2017-05-08,162.54,14.99
2017-05-09,163.62,14.71
2017-05-10,159.94,15.03
2017-05-11,162.35,17.04
2017-05-12,155.46,18.33
2017-05-13,120.52,18.48
2017-05-14,109.37,18.45
2017-05-15,142.45,18.55
2017-05-16,139.66,19.02
2017-05-17,139.26,20.15
2017-05-18,147.98,19.95
2017-05-19,139.84,18.44
2017-05-20,108.02,16.73
2017-05-21,96.49,17.31
2017-05-22,141.32,19.33
2017-05-23,150.91,19.86
2017-05-24,152.26,20.04
2017-05-25,144.93,18.97
2017-05-26,132.43,19.31
2017-05-27,105.27,18.97
2017-05-28,98.64,21.53
2017-05-29,142.58,20.98
2017-05-30,142.76,21.78
2017-05-31,149.31,21.66
2017-06-01,147.62,21.55
2017-06-02,111.27,21.48
2017-06-03,114.21,21.74
2017-06-04,108.04,21.24
2017-06-05,150.1,18.4
2017-06-06,147.96,20.33
2017-06-07,144.61,20.04
2017-06-08,147.82,20.07
2017-06-09,146.65,21.08
2017-06-10,113.9,21.64
2017-06-11,100.84,23.11
2017-06-12,152.96,23.16
2017-06-13,159.68,23.88
2017-06-14,161.48,23.94
2017-06-15,164.85,24.16
2017-06-16,157.97,24.26
2017-06-17,119.72,23.71
2017-06-18,100.77,22.7
2017-06-19,153.91,23.39
2017-06-20,164.14,24.54
2017-06-21,170.63,24.88
2017-06-22,174.87,25.68
2017-06-23,169.06,26.19
2017-06-24,134.19,26.12
2017-06-25,115.04,24.86
2017-06-26,159.64,25.06
2017-06-27,161.11,26.81
2017-06-28,156.83,24.68
2017-06-29,144.07,23.33
2017-06-30,147.7,22.4
2017-07-01,105.71,21.48
2017-07-02,94.27,21.29
2017-07-03,146.15,21.09
2017-07-04,155.13,23.52
2017-07-05,165.18,24.78
2017-07-06,167.22,25.93
2017-07-07,164.36,26.54
2017-07-08,124.88,26.62
2017-07-09,114.0,25.99
2017-07-10,160.9,26.14
2017-07-11,166.42,25.66
2017-07-12,167.68,26.12
2017-07-13,168.86,25.84
2017-07-14,160.27,24.19
2017-07-15,116.75,23.72
2017-07-16,93.28,22.85
2017-07-17,148.86,23.12
2017-07-18,165.4,24.4
2017-07-19,168.85,24.72
2017-07-20,169.37,24.9
2017-07-21,162.11,25.07
2017-07-22,124.81,25.88
2017-07-23,118.61,25.88
2017-07-24,159.75,24.47
2017-07-25,152.47,22.4
2017-07-26,157.35,21.62
2017-07-27,162.82,22.75
2017-07-28,160.58,23.93
2017-07-29,130.44,24.61
2017-07-30,112.57,25.22
2017-07-31,162.0,26.62
2017-08-01,169.41,28.12
2017-08-02,171.54,28.38
2017-08-03,165.24,29.22
2017-08-04,155.74,29.07
2017-08-05,126.6,28.61
2017-08-06,112.58,27.05
2017-08-07,135.41,26.31
2017-08-08,137.05,26.27
2017-08-09,132.76,26.91
2017-08-10,126.1,25.62
2017-08-11,102.19,22.91
2017-08-12,84.58,21.36
2017-08-13,77.34,22.54
2017-08-14,89.64,23.77
2017-08-15,81.84,24.35
2017-08-16,106.13,25.04
2017-08-17,110.28,25.85
2017-08-18,112.9,26.05
2017-08-19,99.09,24.6
2017-08-20,89.98,23.29
2017-08-21,114.11,22.45
2017-08-22,125.51,22.03
2017-08-23,132.89,22.93
2017-08-24,136.8,23.77
2017-08-25,139.82,24.61
2017-08-26,121.19,25.39
2017-08-27,114.48,25.5
2017-08-28,159.15,25.79
2017-08-29,159.29,25.07
2017-08-30,164.32,21.71
2017-08-31,164.89,24.03
2017-09-01,154.85,22.52
2017-09-02,112.64,20.29
2017-09-03,103.26,19.07
2017-09-04,157.67,19.63
2017-09-05,162.88,21.24
2017-09-06,163.1,21.72
2017-09-07,161.96,20.96
2017-09-08,154.62,20.06
2017-09-09,111.28,19.61
2017-09-10,102.25,18.54
2017-09-11,137.0,18.87
2017-09-12,140.91,19.38
2017-09-13,150.4,19.33
2017-09-14,149.74,19.4
2017-09-15,152.32,18.69
2017-09-16,113.71,19.02
2017-09-17,97.27,18.32
2017-09-18,153.76,17.24
2017-09-19,152.89,15.94
2017-09-20,150.88,15.53
2017-09-21,157.63,15.83
2017-09-22,153.66,16.83
2017-09-23,120.41,17.61
2017-09-24,116.22,17.28
2017-09-25,157.66,16.92
2017-09-26,161.24,17.11
2017-09-27,158.75,17.74
2017-09-28,154.61,17.96
2017-09-29,152.73,19.58
2017-09-30,126.52,16.89
2017-10-01,120.44,16.15
2017-10-02,157.43,17.05
2017-10-03,162.14,17.1
2017-10-04,163.49,17.38
2017-10-05,158.53,18.2
2017-10-06,149.41,16.77
2017-10-07,119.22,14.27
2017-10-08,117.18,14.57
2017-10-09,166.22,15.3
2017-10-10,171.87,15.67
2017-10-11,175.54,16.01
2017-10-12,175.1,16.39
2017-10-13,166.46,16.4
2017-10-14,131.71,16.3
2017-10-15,124.37,16.66
2017-10-16,174.37,16.91
2017-10-17,181.15,16.45
2017-10-18,184.09,15.89
2017-10-19,187.28,15.87
2017-10-20,187.24,16.05
2017-10-21,152.19,16.31
2017-10-22,138.2,15.5
2017-10-23,180.5,13.24
2017-10-24,185.93,13.73
2017-10-25,189.9,14.61
2017-10-26,203.1,14.58
2017-10-27,192.2,14.53
2017-10-28,164.42,13.1
2017-10-29,158.94,13.57
2017-10-30,205.31,13.22
2017-10-31,209.22,11.84
2017-11-01,180.29,11.66
2017-11-02,227.52,12.31
2017-11-03,220.28,13.4
2017-11-04,187.66,13.23
2017-11-05,177.09,13.2
2017-11-06,245.78,11.23
2017-11-07,262.84,10.18
2017-11-08,260.04,10.53
2017-11-09,266.25,10.65
2017-11-10,259.16,10.85
2017-11-11,219.77,10.78
2017-11-12,205.87,11.6
2017-11-13,277.75,9.43
2017-11-14,289.98,8.23
2017-11-15,293.17,8.85
2017-11-16,286.6,9.27
2017-11-17,276.7,9.67
2017-11-18,246.43,9.37
2017-11-19,241.94,8.59
2017-11-20,300.08,8.16
2017-11-21,300.72,9.35
2017-11-22,298.78,10.23
2017-11-23,290.45,10.67
2017-11-24,289.35,10.53
2017-11-25,237.88,11.03
2017-11-26,231.59,9.08
2017-11-27,310.49,6.31
2017-11-28,336.78,5.86
2017-11-29,329.78,7.59
2017-11-30,329.82,7.87
2017-12-01,348.77,5.52
2017-12-02,309.17,5.38
2017-12-03,304.1,4.54
2017-12-04,368.45,4.58
2017-12-05,364.82,5.25
2017-12-06,353.72,5.86
2017-12-07,337.37,6.47
2017-12-08,280.52,7.94
2017-12-09,288.44,5.4
2017-12-10,303.54,4.23
2017-12-11,342.92,9.87
2017-12-12,326.55,10.61
2017-12-13,308.84,7.82
2017-12-14,319.91,8.7
2017-12-15,326.18,9.39
2017-12-16,297.48,6.87
2017-12-17,284.99,4.86
2017-12-18,370.53,3.36
2017-12-19,377.91,3.03
2017-12-20,375.24,3.2
2017-12-21,361.54,3.87
2017-12-22,330.8,5.74
2017-12-23,280.58,6.86
2017-12-24,259.49,6.87
2017-12-25,238.84,6.76
2017-12-26,242.41,7.43
2017-12-27,269.69,8.02
2017-12-28,275.66,6.12
2017-12-29,279.67,4.51
2017-12-30,264.18,6.31
2017-12-31,250.15,7.85
2018-01-01,237.04,8.52
2018-01-02,270.39,7.8
2018-01-03,283.99,8.3
2018-01-04,271.85,7.64
2018-01-05,271.03,10.01
2018-01-06,226.78,10.02
2018-01-07,224.79,10.56
2018-01-08,274.6,11.4
2018-01-09,271.3,10.64
2018-01-10,279.9,8.29
2018-01-11,294.36,7.41
2018-01-12,297.69,7.3
2018-01-13,259.65,6.82
2018-01-14,262.99,5.75
2018-01-15,326.1,6.14
2018-01-16,309.71,8.38
2018-01-17,307.3,8.78
2018-01-18,309.67,6.01
2018-01-19,302.89,8.31
2018-01-20,257.25,7.23
2018-01-21,231.94,8.58
2018-01-22,311.57,7.74
2018-01-23,316.29,7.98
2018-01-24,319.28,7.47
2018-01-25,320.0,7.46
2018-01-26,318.1,7.84
2018-01-27,261.84,8.48
2018-01-28,246.67,8.36
2018-01-29,316.29,7.8
2018-01-30,321.72,7.82
2018-01-31,315.69,7.88
2018-02-01,302.59,8.51
2018-02-02,291.3,8.58
2018-02-03,264.65,6.66
2018-02-04,262.17,5.13
2018-02-05,331.07,5.41
2018-02-06,339.58,6.33
2018-02-07,331.35,6.37
2018-02-08,325.06,6.35
2018-02-09,313.75,5.82
2018-02-10,258.94,5.58
2018-02-11,255.35,5.32
2018-02-12,329.86,5.62
2018-02-13,334.0,4.55
2018-02-14,343.28,3.61
2018-02-15,337.81,4.23
2018-02-16,333.49,6.49
2018-02-17,280.77,7.15
2018-02-18,264.58,6.98
2018-02-19,338.61,6.17
2018-02-20,340.05,5.17
2018-02-21,337.24,4.91
2018-02-22,342.31,4.85
2018-02-23,338.42,5.68
2018-02-24,278.46,6.5
2018-02-25,295.87,3.07
2018-02-26,380.09,-0.38
2018-02-27,394.86,-1.26
2018-02-28,400.74,-0.67
2018-03-01,384.53,3.42
2018-03-02,344.73,6.69
2018-03-03,296.15,7.03
2018-03-04,274.88,7.74
2018-03-05,321.8,7.87
2018-03-06,310.11,8.44
2018-03-07,301.08,9.06
2018-03-08,283.36,9.0
2018-03-09,267.24,9.88
2018-03-10,221.75,10.65
2018-03-11,213.7,11.83
2018-03-12,246.12,11.46
2018-03-13,237.94,10.98
2018-03-14,242.31,10.24
2018-03-15,265.07,9.79
2018-03-16,245.41,11.66
2018-03-17,212.67,10.04
2018-03-18,216.65,8.08
2018-03-19,298.42,7.02
2018-03-20,299.89,6.44
2018-03-21,304.28,5.99
2018-03-22,300.94,5.28
2018-03-23,281.96,6.04
2018-03-24,242.24,6.94
2018-03-25,223.69,7.91
2018-03-26,269.04,8.81
2018-03-27,252.84,9.42
2018-03-28,236.9,10.63
2018-03-29,223.02,11.78
2018-03-30,195.09,12.76
2018-03-31,170.44,11.51
2018-04-01,152.92,10.53
2018-04-02,162.92,10.78
2018-04-03,214.27,12.73
2018-04-04,235.09,12.56
2018-04-05,210.08,12.64
2018-04-06,187.08,12.55
2018-04-07,145.76,13.53
2018-04-08,135.81,14.38
2018-04-09,199.38,13.31
2018-04-10,207.01,12.66
2018-04-11,215.55,11.05
2018-04-12,209.61,13.47
2018-04-13,186.54,13.57
2018-04-14,138.32,14.92
2018-04-15,144.28,15.77
2018-04-16,163.52,15.66
2018-04-17,154.28,15.66
2018-04-18,145.63,16.65
2018-04-19,137.77,17.56
2018-04-20,126.14,18.4
2018-04-21,109.8,18.19
2018-04-22,103.46,17.59
2018-04-23,125.94,17.71
2018-04-24,135.16,17.98
2018-04-25,102.31,18.3
2018-04-26,127.51,17.47
2018-04-27,121.81,17.53
2018-04-28,102.23,18.62
2018-04-29,98.76,19.11
2018-04-30,108.4,17.27
2018-05-01,102.11,14.85
2018-05-02,138.9,15.86
2018-05-03,145.04,15.91
2018-05-04,139.32,16.46
2018-05-05,110.1,17.18
2018-05-06,99.92,17.88
2018-05-07,136.47,18.15
2018-05-08,140.96,17.78
2018-05-09,143.05,16.87
2018-05-10,140.21,17.12
2018-05-11,132.79,17.96
2018-05-12,102.31,18.29
2018-05-13,97.07,17.08
2018-05-14,133.55,15.17
2018-05-15,142.9,13.65
2018-05-16,141.22,14.83
2018-05-17,139.93,16.0
2018-05-18,135.81,16.92
2018-05-19,101.18,17.67
2018-05-20,96.97,18.3
2018-05-21,135.82,18.71
2018-05-22,147.75,18.11
2018-05-23,142.96,18.0
2018-05-24,135.08,19.31
2018-05-25,127.48,20.58
2018-05-26,99.57,19.9
2018-05-27,97.31,22.0
2018-05-28,136.65,21.57
2018-05-29,141.59,24.36
2018-05-30,146.76,21.84
2018-05-31,142.61,21.6
2018-06-01,133.58,21.66
2018-06-02,97.36,21.86
2018-06-03,99.59,20.59
2018-06-04,141.19,21.87
2018-06-05,141.65,20.61
2018-06-06,144.61,20.94
2018-06-07,142.19,21.62
2018-06-08,135.56,20.99
2018-06-09,98.09,21.6
2018-06-10,97.76,22.76
2018-06-11,146.37,23.31
2018-06-12,145.88,22.32
2018-06-13,142.71,19.97
2018-06-14,141.62,19.72
2018-06-15,129.82,20.23
2018-06-16,99.47,21.41
2018-06-17,96.89,22.0
2018-06-18,134.04,20.55
2018-06-19,139.82,23.46
2018-06-20,149.05,23.82
2018-06-21,152.22,23.78
2018-06-22,140.08,21.47
2018-06-23,99.88,20.4
2018-06-24,97.95,20.08
2018-06-25,140.42,19.87
2018-06-26,138.1,20.63
2018-06-27,138.87,21.08
2018-06-28,144.76,20.51
2018-06-29,139.48,21.86
2018-06-30,106.9,23.81
2018-07-01,97.42,23.99
2018-07-02,145.98,24.15
2018-07-03,157.24,24.13
2018-07-04,159.63,24.35
2018-07-05,154.35,24.08
2018-07-06,140.77,23.45
2018-07-07,105.51,23.77
2018-07-08,95.76,23.27
2018-07-09,147.78,23.91
2018-07-10,153.95,23.62
2018-07-11,152.37,22.71
2018-07-12,151.68,23.6
2018-07-13,152.38,24.68
2018-07-14,118.72,25.26
2018-07-15,106.56,24.71
2018-07-16,153.26,24.27
2018-07-17,156.19,23.71
2018-07-18,158.13,24.87
2018-07-19,161.92,25.4
2018-07-20,154.58,25.08
2018-07-21,114.95,24.16
2018-07-22,103.96,24.27
2018-07-23,149.02,23.69
2018-07-24,154.71,24.69
2018-07-25,158.95,25.33
2018-07-26,163.2,25.23
2018-07-27,157.05,24.16
2018-07-28,120.36,25.04
2018-07-29,107.93,25.57
2018-07-30,165.67,26.86
2018-07-31,173.32,27.51
2018-08-01,175.07,27.35
2018-08-02,167.96,26.63
2018-08-03,157.07,26.74
2018-08-04,124.84,26.43
2018-08-05,111.58,26.3
2018-08-06,142.68,26.55
2018-08-07,143.05,26.35
2018-08-08,136.99,26.29
2018-08-09,131.95,25.57
2018-08-10,120.62,25.29
2018-08-11,98.89,25.2
2018-08-12,91.68,25.19
2018-08-13,104.87,24.65
2018-08-14,95.21,23.15
2018-08-15,81.98,22.79
2018-08-16,93.44,23.73
2018-08-17,104.78,24.16
2018-08-18,97.5,24.18
2018-08-19,94.36,24.73
2018-08-20,126.18,24.94
2018-08-21,136.82,24.92
2018-08-22,139.25,24.71
2018-08-23,137.24,24.09
2018-08-24,131.19,23.4
2018-08-25,99.6,21.79
2018-08-26,87.32,19.84
2018-08-27,132.65,20.57
2018-08-28,149.42,22.35
2018-08-29,156.69,23.11
2018-08-30,154.13,22.67
2018-08-31,146.84,21.71
2018-09-01,110.72,20.74
2018-09-02,103.74,20.5
2018-09-03,158.58,20.75
2018-09-04,164.74,21.17
2018-09-05,167.95,22.11
2018-09-06,168.36,21.88
2018-09-07,157.23,21.62
2018-09-08,120.32,21.94
2018-09-09,114.33,22.07
2018-09-10,165.72,22.6
2018-09-11,166.06,23.17
2018-09-12,170.97,23.31
2018-09-13,174.76,22.13
2018-09-14,168.81,22.2
2018-09-15,132.4,22.02
2018-09-16,121.02,21.71
2018-09-17,177.81,21.75
2018-09-18,179.77,23.14
2018-09-19,179.97,22.1
2018-09-20,175.01,22.86
2018-09-21,169.15,22.17
2018-09-22,136.39,21.34
2018-09-23,115.97,22.13
2018-09-24,162.73,17.46
2018-09-25,157.58,16.77
2018-09-26,155.56,15.63
2018-09-27,161.22,16.5
2018-09-28,159.82,18.09
2018-09-29,118.05,18.27
2018-09-30,107.29,17.52
2018-10-01,158.6,16.13
2018-10-02,165.68,15.42
2018-10-03,160.4,16.23
2018-10-04,164.39,17.47
2018-10-05,158.75,17.02
2018-10-06,126.27,17.21
2018-10-07,118.11,17.55
2018-10-08,161.75,17.93
2018-10-09,165.84,18.09
2018-10-10,171.5,17.92
2018-10-11,175.39,17.61
2018-10-12,161.15,17.84
2018-10-13,121.95,17.51
2018-10-14,115.3,17.0
2018-10-15,169.05,17.26
2018-10-16,174.95,17.41
2018-10-17,173.14,17.31
2018-10-18,166.52,17.73
2018-10-19,163.23,17.62
2018-10-20,127.92,16.92
2018-10-21,127.6,15.42
2018-10-22,175.87,12.1
2018-10-23,177.02,14.42
2018-10-24,177.3,15.18
2018-10-25,177.98,15.6
2018-10-26,173.43,15.88
2018-10-27,131.88,16.21
2018-10-28,123.78,15.81
2018-10-29,178.38,15.46
2018-10-30,194.02,13.06
2018-10-31,193.68,12.89
2018-11-01,156.58,14.33
2018-11-02,174.92,14.37
2018-11-03,152.58,15.04
2018-11-04,139.85,14.61
2018-11-05,198.62,14.8
2018-11-06,198.58,14.51
2018-11-07,199.19,13.75
2018-11-08,204.04,13.59
2018-11-09,197.33,13.13
2018-11-10,161.49,12.86
2018-11-11,151.14,13.76
2018-11-12,209.62,14.0
2018-11-13,220.53,13.66
2018-11-14,218.5,10.0
2018-11-15,229.37,10.21
2018-11-16,235.63,11.11
2018-11-17,207.37,6.3
2018-11-18,208.23,7.81
2018-11-19,299.7,7.28
2018-11-20,312.76,9.57
2018-11-21,305.94,9.47
2018-11-22,289.58,10.28
2018-11-23,287.97,10.42
2018-11-24,231.23,11.76
2018-11-25,205.92,10.91
2018-11-26,275.12,10.12
2018-11-27,274.59,9.14
2018-11-28,280.24,7.6
2018-11-29,301.15,7.15
2018-11-30,316.35,6.86
2018-12-01,273.11,8.3
2018-12-02,250.87,9.05
2018-12-03,296.14,10.9
2018-12-04,286.52,11.42
2018-12-05,292.85,9.91
2018-12-06,295.55,9.61
2018-12-07,282.9,9.66
2018-12-08,214.29,10.2
2018-12-09,219.41,9.95
2018-12-10,291.83,9.24
2018-12-11,322.52,6.8
2018-12-12,343.95,4.71
2018-12-13,348.85,5.27
2018-12-14,347.99,6.02
2018-12-15,294.97,4.34
2018-12-16,289.45,4.64
2018-12-17,346.26,6.19
2018-12-18,353.98,5.36
2018-12-19,363.68,5.28
2018-12-20,344.9,6.98
2018-12-21,314.5,7.41
2018-12-22,254.75,9.56
2018-12-23,242.0,9.89
2018-12-24,232.59,10.09
2018-12-25,221.6,6.62
2018-12-26,251.81,4.99
2018-12-27,288.69,5.23
2018-12-28,284.72,5.86
2018-12-29,256.82,6.25
2018-12-30,246.12,6.62
2018-12-31,253.41,6.52
2019-01-01,238.36,6.27
2019-01-02,293.54,5.63
2019-01-03,321.93,2.74
2019-01-04,348.26,1.14
2019-01-05,315.82,2.84
2019-01-06,293.34,5.1
2019-01-07,364.84,4.63
2019-01-08,369.86,3.93
2019-01-09,366.11,5.07
2019-01-10,371.92,3.91
2019-01-11,375.5,2.66
2019-01-12,317.82,3.53
2019-01-13,290.81,5.64
2019-01-14,334.73,7.62
2019-01-15,342.75,5.97
2019-01-16,346.27,5.65
2019-01-17,341.84,7.2
2019-01-18,336.39,6.64
2019-01-19,304.85,4.79
2019-01-20,295.37,4.39
2019-01-21,375.88,4.81
2019-01-22,380.36,4.24
2019-01-23,393.23,1.71
2019-01-24,385.64,3.72
2019-01-25,367.63,3.51
2019-01-26,317.39,4.11
2019-01-27,296.66,5.85
2019-01-28,354.58,6.37
2019-01-29,363.87,4.71
2019-01-30,371.72,4.2
2019-01-31,359.69,4.86
2019-02-01,339.65,8.24
2019-02-02,281.38,8.94
2019-02-03,263.04,7.35
2019-02-04,325.07,6.47
2019-02-05,322.82,6.19
2019-02-06,319.12,6.35
2019-02-07,331.16,6.24
2019-02-08,319.25,6.84
2019-02-09,262.69,7.36
2019-02-10,238.57,8.84
2019-02-11,298.89,8.34
2019-02-12,299.78,6.58
2019-02-13,305.29,5.82
2019-02-14,302.73,7.08
2019-02-15,295.22,7.71
2019-02-16,249.59,7.61
2019-02-17,228.95,7.73
2019-02-18,292.66,7.87
2019-02-19,302.73,7.83
2019-02-20,307.53,7.78
2019-02-21,297.1,8.2
2019-02-22,270.11,9.1
2019-02-23,249.77,5.75
2019-02-24,243.28,5.71
2019-02-25,298.2,7.26
2019-02-26,276.09,9.22
2019-02-27,258.43,10.56
2019-02-28,254.78,10.26
2019-03-01,247.54,10.14
2019-03-02,207.65,10.08
2019-03-03,198.12,10.37
2019-03-04,255.08,10.55
2019-03-05,253.47,10.72
2019-03-06,255.62,10.65
2019-03-07,246.47,12.78
2019-03-08,240.25,12.02
2019-03-09,186.07,11.59
2019-03-10,177.29,11.78
2019-03-11,237.37,10.56
2019-03-12,258.13,7.81
2019-03-13,275.67,6.61
2019-03-14,268.49,8.6
2019-03-15,241.52,10.87
2019-03-16,188.5,12.77
2019-03-17,185.2,11.53
2019-03-18,247.14,10.31
2019-03-19,266.27,8.81
2019-03-20,260.05,9.13
2019-03-21,245.5,10.54
2019-03-22,227.35,11.91
2019-03-23,172.75,12.74
2019-03-24,158.2,13.17
2019-03-25,202.37,12.19
2019-03-26,228.21,9.66
2019-03-27,236.68,9.44
2019-03-28,225.92,10.08
2019-03-29,216.37,11.25
2019-03-30,173.59,11.5
2019-03-31,162.42,12.07
2019-04-01,210.48,12.94
2019-04-02,213.02,13.02
2019-04-03,223.25,11.94
2019-04-04,230.21,10.84
2019-04-05,227.14,10.15
2019-04-06,181.2,11.02
2019-04-07,182.7,10.76
2019-04-08,222.71,11.15
2019-04-09,217.59,12.22
2019-04-10,213.17,11.56
2019-04-11,228.14,11.03
2019-04-12,220.8,10.64
2019-04-13,187.15,10.15
2019-04-14,188.0,9.84
2019-04-15,210.42,11.52
2019-04-16,208.83,12.35
2019-04-17,195.51,13.27
2019-04-18,178.82,14.12
2019-04-19,159.65,14.72
2019-04-20,120.98,15.03
2019-04-21,103.75,15.2
2019-04-22,115.65,15.27
2019-04-23,170.94,14.99
2019-04-24,162.49,14.04
2019-04-25,130.89,16.25
2019-04-26,145.49,15.23
2019-04-27,118.92,13.91
2019-04-28,127.09,12.25
2019-04-29,179.05,11.38
2019-04-30,166.29,12.44
2019-05-01,123.49,13.41
2019-05-02,164.72,14.0
2019-05-03,168.86,13.54
2019-05-04,139.85,12.51
2019-05-05,143.4,10.67
2019-05-06,179.88,10.38
2019-05-07,185.65,11.59
2019-05-08,194.54,12.62
2019-05-09,181.32,14.1
2019-05-10,165.87,15.28
2019-05-11,127.85,15.22
2019-05-12,133.18,13.07
2019-05-13,181.58,13.19
2019-05-14,178.61,12.64
2019-05-15,192.88,11.0
2019-05-16,180.98,12.25
2019-05-17,170.72,13.51
2019-05-18,145.09,13.78
2019-05-19,135.51,12.84
2019-05-20,170.56,14.43
2019-05-21,160.14,15.51
2019-05-22,155.81,16.39
2019-05-23,150.6,16.62
2019-05-24,141.93,17.56
2019-05-25,111.85,17.15
2019-05-26,108.16,16.3
2019-05-27,147.71,16.1
2019-05-28,142.59,16.18
2019-05-29,147.03,15.67
2019-05-30,146.77,15.98
2019-05-31,134.86,16.98
2019-06-01,102.58,18.33
2019-06-02,98.98,19.56
2019-06-03,139.25,20.37
2019-06-04,145.24,21.06
2019-06-05,141.96,21.22
2019-06-06,142.81,19.96
2019-06-07,138.4,21.43
2019-06-08,108.29,22.65
2019-06-09,108.88,23.09
2019-06-10,154.74,23.28
2019-06-11,158.69,22.58
2019-06-12,159.04,22.79
2019-06-13,156.8,22.64
2019-06-14,142.69,24.1
2019-06-15,116.88,23.95
2019-06-16,107.55,23.04
2019-06-17,159.45,23.08
2019-06-18,167.1,23.63
2019-06-19,166.84,23.8
2019-06-20,165.21,23.27
2019-06-21,165.06,23.74
2019-06-22,126.1,23.24
2019-06-23,111.61,23.47
2019-06-24,153.56,24.95
2019-06-25,162.7,26.5
2019-06-26,167.16,27.64
2019-06-27,172.18,28.26
2019-06-28,165.71,27.77
2019-06-29,119.8,26.6
2019-06-30,116.91,26.68
2019-07-01,166.83,26.42
2019-07-02,168.61,26.03
2019-07-03,174.02,25.89
2019-07-04,175.31,25.54
2019-07-05,170.7,26.12
2019-07-06,127.15,26.19
2019-07-07,114.95,25.79
2019-07-08,172.4,25.81
2019-07-09,180.35,25.04
2019-07-10,166.86,23.54
2019-07-11,168.7,22.46
2019-07-12,167.3,23.24
2019-07-13,121.23,23.05
2019-07-14,107.71,22.57
2019-07-15,161.68,21.0
2019-07-16,158.72,22.11
2019-07-17,171.39,23.16
2019-07-18,175.85,23.05
2019-07-19,164.11,23.77
2019-07-20,128.0,24.66
2019-07-21,118.48,25.18
2019-07-22,169.96,26.13
2019-07-23,177.11,26.85
2019-07-24,180.59,27.72
2019-07-25,185.36,28.01
2019-07-26,175.39,27.25
2019-07-27,130.29,24.92
2019-07-28,106.27,22.31
2019-07-29,161.47,23.74
2019-07-30,167.13,24.39
2019-07-31,168.79,24.69
2019-08-01,168.12,25.38
2019-08-02,152.43,24.59
2019-08-03,115.22,23.96
2019-08-04,107.73,23.49
2019-08-05,146.06,24.98
2019-08-06,148.93,25.29
2019-08-07,142.2,24.91
2019-08-08,145.68,25.47
2019-08-09,136.65,26.05
2019-08-10,117.87,26.4
2019-08-11,108.49,26.56
2019-08-12,122.73,26.1
2019-08-13,115.78,22.1
2019-08-14,98.75,23.21
2019-08-15,85.3,22.64
2019-08-16,100.45,22.8
2019-08-17,100.64,23.2
2019-08-18,98.58,24.67
2019-08-19,127.4,24.26
2019-08-20,136.94,24.05
2019-08-21,137.31,24.15
2019-08-22,138.29,24.07
2019-08-23,137.07,23.72
2019-08-24,120.84,24.07
2019-08-25,119.35,24.34
2019-08-26,163.3,24.63
2019-08-27,171.04,25.12
2019-08-28,176.36,24.72
2019-08-29,177.98,24.54
2019-08-30,171.76,24.91
2019-08-31,141.08,24.71
2019-09-01,132.03,23.87
2019-09-02,177.66,22.6
2019-09-03,170.07,19.35
2019-09-04,172.62,21.89
2019-09-05,177.48,21.47
2019-09-06,166.25,20.08
2019-09-07,127.97,20.0
2019-09-08,114.46,19.01
2019-09-09,164.17,19.08
2019-09-10,173.09,19.35
2019-09-11,173.55,20.7
2019-09-12,167.29,20.18
2019-09-13,161.69,22.38
2019-09-14,126.08,22.23
2019-09-15,119.75,22.34
2019-09-16,168.61,22.31
2019-09-17,172.64,23.22
2019-09-18,176.74,21.16
2019-09-19,170.89,19.46
2019-09-20,155.95,18.43
2019-09-21,126.74,18.43
2019-09-22,120.92,18.9
2019-09-23,162.16,19.51
2019-09-24,165.81,19.16
2019-09-25,165.57,19.28
2019-09-26,169.55,19.78
2019-09-27,161.55,19.97
2019-09-28,127.4,20.19
2019-09-29,120.01,20.29
2019-09-30,161.38,20.78
2019-10-01,170.39,20.1
2019-10-02,163.82,19.06
2019-10-03,164.74,15.87
2019-10-04,155.01,14.95
2019-10-05,131.21,16.67
2019-10-06,123.93,16.18
2019-10-07,157.79,15.22
2019-10-08,165.23,16.06
2019-10-09,176.03,16.68
2019-10-10,178.84,17.26
2019-10-11,173.56,16.77
2019-10-12,142.98,17.11
2019-10-13,133.15,17.75
2019-10-14,177.04,18.16
2019-10-15,177.95,17.63
2019-10-16,179.0,16.77
2019-10-17,184.83,16.05
2019-10-18,177.6,16.35
2019-10-19,143.26,16.73
2019-10-20,128.65,18.11
2019-10-21,180.61,18.63
2019-10-22,182.82,18.12
2019-10-23,176.08,17.89
2019-10-24,185.94,16.58
2019-10-25,173.4,16.34
2019-10-26,135.83,16.41
2019-10-27,129.8,16.27
2019-10-28,184.85,15.75
2019-10-29,190.28,15.42
2019-10-30,196.78,14.83
2019-10-31,195.76,13.9
2019-11-01,154.55,13.58
2019-11-02,149.44,14.53
2019-11-03,140.95,15.27
2019-11-04,185.54,15.26
2019-11-05,194.84,15.28
2019-11-06,219.83,12.73
2019-11-07,224.53,11.62
2019-11-08,215.65,11.44
2019-11-09,178.78,10.46
2019-11-10,181.23,9.47
2019-11-11,241.02,10.37
2019-11-12,242.36,11.0
2019-11-13,254.63,10.63
2019-11-14,267.09,9.64
2019-11-15,252.69,11.27
2019-11-16,212.43,11.16
2019-11-17,201.11,10.88
2019-11-18,268.96,10.02
2019-11-19,278.57,10.33
2019-11-20,262.27,10.1
2019-11-21,261.3,9.83
2019-11-22,248.46,10.28
2019-11-23,200.99,10.65
2019-11-24,191.76,11.51
2019-11-25,236.32,11.63
2019-11-26,242.38,11.11
2019-11-27,240.06,11.83
2019-11-28,234.18,12.24
2019-11-29,241.67,11.58
2019-11-30,219.87,9.76
2019-12-01,214.89,8.92
2019-12-02,279.06,10.5
2019-12-03,291.87,9.06
2019-12-04,307.79,7.25
2019-12-05,326.76,7.58
2019-12-06,312.05,8.42
2019-12-07,247.15,9.8
2019-12-08,228.94,9.5
2019-12-09,292.1,9.75
2019-12-10,298.22,8.2
2019-12-11,314.6,6.26
2019-12-12,340.27,5.89
2019-12-13,330.22,6.94
2019-12-14,268.45,9.1
2019-12-15,243.09,10.01
2019-12-16,291.06,10.73
2019-12-17,277.52,11.97
2019-12-18,265.43,12.12
2019-12-19,248.91,11.15
2019-12-20,224.67,11.21
2019-12-21,187.58,11.85
2019-12-22,184.7,11.09
2019-12-23,201.53,10.12
2019-12-24,197.64,9.2
2019-12-25,186.1,9.25
2019-12-26,205.74,7.65
2019-12-27,239.08,7.44
2019-12-28,229.04,5.81
2019-12-29,236.41,4.16
2019-12-30,265.64,4.1
2019-12-31,258.18,4.92
2020-01-01,234.74,5.68
2020-01-02,278.95,5.64
2020-01-03,286.24,6.3
2020-01-04,254.34,7.39
2020-01-05,237.19,6.7
2020-01-06,270.94,4.6
2020-01-07,345.05,4.89
2020-01-08,356.28,5.98
2020-01-09,354.7,6.46
2020-01-10,343.37,6.2
2020-01-11,286.42,4.62
2020-01-12,275.61,6.29
2020-01-13,356.98,5.83
2020-01-14,364.02,6.13
2020-01-15,354.65,6.78
2020-01-16,344.27,7.09
2020-01-17,331.66,6.92
2020-01-18,276.79,7.1
2020-01-19,271.64,6.36
2020-01-20,343.46,6.25
2020-01-21,356.94,6.32
2020-01-22,357.45,6.55
2020-01-23,359.7,6.56
2020-01-24,346.45,6.71
2020-01-25,287.43,8.05
2020-01-26,266.25,8.05
2020-01-27,317.35,8.22
2020-01-28,305.24,9.71
2020-01-29,298.59,9.56
2020-01-30,308.77,7.25
2020-01-31,294.79,9.98
2020-02-01,252.09,10.48
2020-02-02,222.4,10.95
2020-02-03,278.59,12.08
2020-02-04,264.55,11.28
2020-02-05,288.37,7.27
2020-02-06,301.17,5.64
2020-02-07,311.69,5.66
2020-02-08,271.42,6.38
2020-02-09,247.96,7.56
2020-02-10,290.73,10.88
2020-02-11,260.84,12.01
2020-02-12,276.73,10.11
2020-02-13,287.43,8.73
2020-02-14,262.9,10.12
2020-02-15,222.41,9.01
2020-02-16,217.78,9.14
2020-02-17,278.93,9.83
2020-02-18,273.38,9.84
2020-02-19,274.52,9.15
2020-02-20,272.52,8.7
2020-02-21,278.47,8.47
2020-02-22,226.28,8.91
2020-02-23,206.21,10.25
2020-02-24,249.25,11.56
2020-02-25,248.19,11.02
2020-02-26,252.98,9.98
2020-02-27,269.7,7.69
2020-02-28,256.88,9.45
2020-02-29,227.31,9.0
2020-03-01,212.71,10.64
2020-03-02,281.22,10.74
2020-03-03,270.19,9.46
2020-03-04,274.95,8.27
2020-03-05,279.06,8.73
2020-03-06,260.79,9.73
2020-03-07,217.54,8.68
2020-03-08,202.09,8.33
2020-03-09,273.05,8.25
2020-03-10,262.22,9.19
2020-03-11,239.13,11.3
2020-03-12,218.24,12.01
2020-03-13,199.28,11.65
2020-03-14,181.57,10.68
2020-03-15,177.24,10.22
2020-03-16,210.07,10.58
2020-03-17,209.53,11.01
2020-03-18,194.62,11.83
2020-03-19,181.98,12.43
2020-03-20,173.4,11.97
2020-03-21,146.71,11.36
2020-03-22,155.31,10.25
2020-03-23,206.43,6.82
2020-03-24,215.04,5.21
2020-03-25,231.02,5.15
2020-03-26,230.51,6.75
2020-03-27,211.46,8.89
2020-03-28,173.73,10.58
2020-03-29,159.11,10.52
2020-03-30,187.76,9.37
2020-03-31,202.83,8.14
2020-04-01,204.48,6.92
2020-04-02,203.41,7.8
2020-04-03,183.3,9.28
2020-04-04,154.37,11.49
2020-04-05,145.46,12.57
2020-04-06,153.02,13.46
2020-04-07,147.68,13.75
2020-04-08,144.63,13.47
2020-04-09,139.66,14.13
2020-04-10,129.16,14.97
2020-04-11,116.63,14.97
2020-04-12,104.46,15.2
2020-04-13,108.02,14.93
2020-04-14,133.3,12.79
2020-04-15,138.94,11.83
2020-04-16,141.85,13.34
2020-04-17,134.69,14.65
2020-04-18,117.07,15.68
2020-04-19,111.32,16.2
2020-04-20,141.88,14.68
2020-04-21,150.91,13.84
2020-04-22,144.57,13.82
2020-04-23,138.52,14.39
2020-04-24,128.89,14.84
2020-04-25,105.93,15.73
2020-04-26,110.54,15.33
2020-04-27,127.82,15.92
2020-04-28,128.91,15.45
2020-04-29,121.93,15.51
2020-04-30,117.69,14.98
2020-05-01,94.41,15.17
2020-05-02,98.82,13.32
2020-05-03,102.08,16.22
2020-05-04,127.22,16.46
2020-05-05,128.1,16.44
2020-05-06,131.75,16.62
2020-05-07,130.48,16.42
2020-05-08,127.82,17.67
2020-05-09,109.4,18.11
2020-05-10,102.18,17.91
2020-05-11,123.7,16.85
2020-05-12,130.09,16.51
2020-05-13,133.88,17.47
2020-05-14,128.01,19.25
2020-05-15,125.88,18.02
2020-05-16,104.44,18.75
2020-05-17,98.18,19.64
2020-05-18,132.69,19.84
2020-05-19,139.3,18.76
2020-05-20,131.58,18.44
2020-05-21,116.34,19.16
2020-05-22,112.81,19.64
2020-05-23,96.89,19.7
2020-05-24,95.31,18.76
2020-05-25,122.38,18.7
2020-05-26,124.86,18.15
2020-05-27,120.6,17.74
2020-05-28,124.87,17.69
2020-05-29,128.25,16.5
2020-05-30,114.85,16.26
2020-05-31,102.15,16.7
2020-06-01,108.57,18.31
2020-06-02,110.42,19.39
2020-06-03,133.08,19.53
2020-06-04,129.62,18.31
2020-06-05,123.59,17.72
2020-06-06,102.61,19.11
2020-06-07,104.87,18.78
2020-06-08,146.24,18.27
2020-06-09,151.66,17.97
2020-06-10,150.83,17.37
2020-06-11,144.23,17.51
2020-06-12,135.0,19.47
2020-06-13,109.44,20.1
2020-06-14,104.94,19.95
2020-06-15,146.8,19.7
2020-06-16,155.38,19.79
2020-06-17,153.38,19.76
2020-06-18,150.3,20.24
2020-06-19,142.81,20.06
2020-06-20,105.55,20.58
2020-06-21,103.87,20.92
2020-06-22,141.15,22.15
2020-06-23,150.83,23.49
2020-06-24,159.75,23.33
2020-06-25,158.92,22.88
2020-06-26,151.13,23.36
2020-06-27,120.32,24.13
2020-06-28,113.65,24.41
2020-06-29,154.34,24.19
2020-06-30,159.94,24.6
2020-07-01,162.93,25.09
2020-07-02,165.17,24.89
2020-07-03,153.39,23.75
2020-07-04,110.07,23.07
2020-07-05,99.0,24.02
2020-07-06,155.34,24.13
2020-07-07,155.83,22.66
2020-07-08,164.68,22.83
2020-07-09,172.77,24.07
2020-07-10,162.33,24.82
2020-07-11,122.64,23.76
2020-07-12,107.79,23.44
2020-07-13,153.78,22.77
2020-07-14,165.26,22.32
2020-07-15,169.73,21.81
2020-07-16,168.95,21.98
2020-07-17,163.2,21.61
2020-07-18,124.57,21.4
2020-07-19,114.46,22.31
2020-07-20,162.81,23.83
2020-07-21,171.37,24.76
2020-07-22,170.47,25.18
2020-07-23,168.8,25.2
2020-07-24,158.96,23.71
2020-07-25,121.94,23.88
2020-07-26,113.86,24.2
2020-07-27,163.8,25.3
2020-07-28,166.76,26.37
2020-07-29,169.42,26.54
2020-07-30,174.86,27.39
2020-07-31,166.31,28.17
2020-08-01,135.82,27.93
2020-08-02,118.55,26.25
2020-08-03,154.12,24.09
2020-08-04,149.43,22.26
2020-08-05,142.06,21.59
2020-08-06,142.73,22.86
2020-08-07,133.82,24.46
2020-08-08,107.99,25.47
2020-08-09,97.59,26.27
2020-08-10,129.73,26.05
2020-08-11,135.01,25.97
2020-08-12,132.37,26.4
2020-08-13,131.34,22.54
2020-08-14,125.41,25.5
2020-08-15,102.43,25.46
2020-08-16,104.37,25.23
2020-08-17,130.18,24.66
2020-08-18,133.88,23.88
2020-08-19,135.38,24.18
2020-08-20,136.41,22.28
2020-08-21,131.72,26.44
2020-08-22,117.49,25.82
2020-08-23,109.35,25.06
2020-08-24,156.68,23.91
2020-08-25,160.02,23.66
2020-08-26,167.58,24.68
2020-08-27,170.71,24.45
2020-08-28,164.34,24.13
2020-08-29,127.61,24.06
2020-08-30,119.19,22.96
2020-08-31,170.02,20.37
2020-09-01,173.89,20.1
2020-09-02,178.18,20.03
2020-09-03,170.24,20.93
2020-09-04,157.39,22.11
2020-09-05,124.11,22.58
2020-09-06,120.11,21.94
2020-09-07,172.33,21.64
2020-09-08,170.62,22.53
2020-09-09,175.66,22.92
2020-09-10,177.67,22.87
2020-09-11,166.08,22.63
2020-09-12,130.91,23.0
2020-09-13,117.81,23.88
2020-09-14,173.59,24.06
2020-09-15,180.15,23.93
2020-09-16,174.33,23.66
2020-09-17,169.17,23.13
2020-09-18,168.16,22.82
2020-09-19,139.43,21.78
2020-09-20,132.91,21.18
2020-09-21,179.7,21.07
2020-09-22,177.8,20.46
2020-09-23,173.26,20.27
2020-09-24,165.12,20.64
2020-09-25,147.27,18.51
2020-09-26,112.59,14.25
2020-09-27,114.64,13.98
2020-09-28,167.67,14.59
2020-09-29,178.96,15.84
2020-09-30,173.5,16.52
2020-10-01,168.87,16.95
2020-10-02,149.21,18.26
2020-10-03,112.99,18.54
2020-10-04,107.45,17.29
2020-10-05,152.54,16.96
2020-10-06,156.44,16.51
2020-10-07,155.55,16.02
2020-10-08,153.37,15.74
2020-10-09,160.94,15.79
2020-10-10,128.49,15.73
2020-10-11,128.38,14.14
2020-10-12,184.58,12.36
2020-10-13,192.34,12.01
2020-10-14,191.49,13.15
2020-10-15,208.07,13.02
2020-10-16,199.99,12.6
2020-10-17,166.19,12.33
2020-10-18,159.3,12.48
2020-10-19,209.09,12.54
2020-10-20,209.26,13.03
2020-10-21,206.53,14.35
2020-10-22,204.22,14.93
2020-10-23,195.36,15.45
2020-10-24,149.67,15.18
2020-10-25,141.61,14.51
2020-10-26,182.82,14.61
2020-10-27,196.07,13.42
2020-10-28,194.56,12.81
2020-10-29,203.84,13.5
2020-10-30,197.61,13.96
2020-10-31,159.7,13.56
2020-11-01,156.5,13.77
2020-11-02,205.0,14.84
2020-11-03,207.6,14.5
2020-11-04,204.0,13.96
2020-11-05,191.12,14.05
2020-11-06,187.77,13.54
2020-11-07,169.54,12.81
2020-11-08,161.2,12.58
2020-11-09,211.39,12.69
2020-11-10,218.37,12.4
2020-11-11,229.45,11.99
2020-11-12,229.48,12.2
2020-11-13,231.07,12.31
2020-11-14,194.85,12.39
2020-11-15,182.91,12.79
2020-11-16,229.9,13.28
2020-11-17,232.55,12.12
2020-11-18,246.01,11.63
2020-11-19,252.76,11.1
2020-11-20,250.12,10.58
2020-11-21,226.3,7.98
2020-11-22,232.88,7.28
2020-11-23,294.01,8.43
2020-11-24,294.17,8.72
2020-11-25,298.67,8.46
2020-11-26,303.6,8.55
2020-11-27,297.0,8.84
2020-11-28,254.07,8.9
2020-11-29,238.86,8.88
2020-11-30,305.59,7.94
2020-12-01,323.42,7.08
2020-12-02,338.07,7.18
2020-12-03,333.05,6.85
2020-12-04,318.57,7.61
2020-12-05,253.34,10.0
2020-12-06,246.66,8.85
2020-12-07,296.03,7.7
2020-12-08,281.11,8.16
2020-12-09,324.22,7.56
2020-12-10,321.89,6.7
2020-12-11,320.0,6.53
2020-12-12,274.3,7.3
2020-12-13,255.51,7.4
2020-12-14,319.58,7.38
2020-12-15,332.52,7.68
2020-12-16,325.07,8.51
2020-12-17,316.66,8.53
2020-12-18,306.09,8.46
2020-12-19,260.8,8.55
2020-12-20,245.85,8.73
2020-12-21,295.38,9.1
2020-12-22,283.53,9.93
2020-12-23,252.44,10.39
2020-12-24,198.72,10.73
2020-12-25,203.06,8.81
2020-12-26,222.07,5.43
2020-12-27,239.09,4.24
2020-12-28,278.86,6.93
2020-12-29,279.21,7.73
2020-12-30,272.27,6.56
2020-12-31,263.5,5.5
